0,echo1,echo2,echo3,echo4,shadow5,shadow6,echo7,echo8,echo-contact9,echo-contact10,echo-contact11,echo-contact12,shadow13,shadow14,echo-contact15,echo-contact16
1,0,0,0,10,148,56,0,3,39,118,0,4,88,154,49,14
2,0,0,0,28,129,55,0,0,48,150,0,0,67,140,54,5
3,0,0,0,48,94,58,13,0,16,210,0,0,47,98,59,62
4,0,0,0,54,68,51,0,0,18,244,2,0,37,73,29,12
5,0,0,0,81,46,36,0,0,16,255,11,0,41,58,15,3
6,0,0,0,114,39,20,0,0,9,255,9,0,51,47,34,0
7,0,0,0,138,55,11,0,0,8,255,6,0,61,42,26,0
8,0,0,0,177,84,29,0,0,17,255,20,5,67,32,9,0
9,4,0,0,194,104,49,0,0,71,255,33,12,63,20,12,3
10,0,0,0,192,125,54,0,0,37,255,37,9,59,5,13,0
11,0,0,0,181,123,35,0,0,4,255,30,0,49,0,0,0
12,0,0,0,161,96,29,0,0,3,255,24,1,34,0,19,0
13,0,15,0,145,76,36,0,0,3,255,18,11,25,0,17,0
14,0,0,0,124,64,52,0,0,22,255,7,6,12,0,0,1
15,0,0,0,126,66,62,0,0,39,255,4,8,0,0,0,4
16,0,0,0,132,50,66,0,0,56,255,4,16,0,0,0,0
17,0,0,0,141,18,60,0,0,0,255,0,31,0,0,8,10
18,0,0,0,134,24,54,0,0,7,255,0,32,0,0,0,2
19,0,0,0,117,35,40,0,0,16,255,0,40,0,0,2,7
20,0,0,0,111,40,27,0,0,20,255,3,52,0,0,4,8
21,0,7,0,116,32,2,0,0,29,255,18,70,0,0,3,0
22,0,8,0,122,0,0,0,0,42,255,35,70,0,0,4,0
23,0,0,0,127,24,0,0,0,32,255,48,54,0,0,0,0
24,0,0,3,137,47,0,0,0,54,255,53,48,0,0,4,0
25,1,0,8,149,19,0,0,0,61,255,58,43,11,0,11,0
26,2,0,18,168,38,2,0,0,77,255,59,30,0,0,7,0
27,0,0,13,185,52,26,0,0,66,255,45,13,0,0,0,0
28,0,0,2,193,63,46,0,0,49,255,50,18,0,0,0,0
29,0,0,0,210,74,79,0,0,45,255,55,35,0,0,0,0
30,3,0,8,199,84,117,0,0,59,255,61,28,0,0,12,0
31,4,0,1,197,86,120,0,5,45,255,64,18,0,0,28,0
32,12,0,0,178,79,94,0,0,38,255,80,24,0,9,0,0
33,12,0,0,135,70,58,0,0,21,255,80,16,0,27,12,0
34,11,0,0,111,89,46,0,0,22,255,75,7,0,41,22,5
35,10,0,0,66,107,61,0,0,0,255,74,9,0,48,9,0
36,7,0,0,44,97,63,0,0,3,203,67,10,0,54,3,0
37,0,0,0,19,94,57,0,0,4,129,56,9,0,55,0,8
38,0,0,0,1,106,58,0,0,22,80,40,7,0,47,3,3
39,0,4,0,0,126,75,0,0,22,67,35,19,0,39,7,0
40,0,0,0,0,145,96,3,0,26,57,33,21,0,53,41,0
41,0,0,0,0,151,126,0,0,25,40,88,20,0,80,20,0
42,0,0,0,0,143,151,0,0,30,63,40,17,0,109,0,0
43,0,0,0,0,130,154,0,0,39,61,39,29,0,125,3,2
44,0,0,2,0,104,145,0,0,47,48,36,42,0,129,11,11
45,0,0,0,0,109,135,0,0,39,56,32,49,0,118,9,25
46,0,1,0,0,116,130,0,0,19,36,25,57,0,103,13,23
47,0,2,0,0,105,114,0,0,28,13,20,58,1,104,6,84
48,0,0,0,0,135,114,0,0,39,28,12,54,5,106,25,24
49,0,0,0,0,198,119,0,0,36,17,18,55,0,102,22,9
50,0,4,0,0,215,113,0,0,20,39,22,63,0,99,9,6
51,0,5,0,0,200,111,0,0,41,60,19,65,0,98,6,0
52,0,7,0,0,188,117,0,0,48,31,15,68,0,99,1,0
53,0,6,0,5,160,121,0,0,38,15,0,68,0,102,0,0
54,0,0,0,0,125,124,0,0,16,73,0,48,2,98,12,0
55,0,0,0,0,105,123,0,0,6,38,0,30,4,88,8,8
56,0,0,0,0,112,116,0,0,0,61,0,11,3,74,0,12
57,0,0,0,0,142,108,0,0,0,38,0,0,0,63,0,3
58,0,0,0,0,180,108,0,0,0,62,0,0,0,56,11,0
59,0,0,0,1,211,104,0,0,0,85,0,2,0,49,46,0
60,0,0,0,0,230,93,0,0,37,72,0,28,0,39,44,0
61,0,0,0,0,217,84,0,0,0,89,0,25,25,31,32,0
62,0,0,0,0,187,83,0,0,2,40,0,2,39,39,10,1
63,0,0,2,0,200,84,0,18,0,42,0,2,41,66,21,0
64,0,0,0,0,237,85,0,0,0,6,0,0,22,97,0,0
65,0,0,0,0,255,71,0,0,1,32,0,0,1,133,6,0
66,0,0,0,0,255,51,0,0,0,43,0,0,0,157,63,1
67,0,0,0,0,255,31,0,0,17,35,0,0,1,176,0,17
68,0,0,0,0,255,44,0,0,17,37,0,10,9,187,10,16
69,0,0,0,0,225,59,0,0,0,25,0,22,21,200,40,0
70,0,0,0,0,197,49,0,0,2,20,0,16,34,215,32,0
71,0,0,0,0,174,17,0,0,0,18,0,15,44,213,42,0
72,0,0,0,0,153,0,0,0,0,36,0,22,49,193,28,8
73,0,0,0,0,141,0,2,0,12,62,0,8,54,174,57,26
74,0,0,0,0,131,15,10,0,24,42,0,0,52,162,73,51
75,0,0,1,0,131,15,3,0,46,29,0,2,50,166,55,17
76,0,0,2,0,127,21,0,0,48,50,0,11,50,175,33,14
77,0,0,8,0,112,23,0,0,60,60,0,21,47,177,18,0
78,0,0,50,0,83,4,0,0,134,60,0,7,37,167,15,6
79,0,0,94,0,47,0,0,0,209,69,0,0,26,140,0,11
80,0,0,121,0,52,0,0,0,254,51,0,0,11,108,1,6
81,0,0,139,0,55,0,0,0,255,5,0,0,3,80,11,1
82,0,0,141,0,47,0,0,0,255,5,0,0,8,67,12,0
83,0,0,132,0,34,0,0,0,255,39,0,3,16,64,7,0
84,0,0,130,0,19,0,0,0,255,36,0,21,27,68,6,0
85,0,0,135,0,15,0,0,37,255,50,0,12,35,70,13,0
86,0,0,158,2,33,0,0,0,255,89,0,8,34,71,3,5
87,0,0,195,18,28,5,0,0,255,125,0,14,31,70,2,2
88,0,0,223,0,2,22,0,0,255,64,0,10,24,80,15,15
89,0,0,233,0,0,22,5,0,255,42,0,0,14,108,8,10
90,0,0,208,0,0,16,0,0,255,66,0,14,3,145,5,10
91,0,0,200,0,0,18,0,0,255,68,0,20,0,155,1,9
92,0,0,193,0,12,8,0,0,255,65,0,20,0,158,0,26
93,0,0,199,0,11,12,0,0,255,50,0,24,0,151,9,25
94,0,0,211,0,6,6,0,0,255,36,0,28,0,145,16,28
95,7,0,217,0,14,0,0,0,255,48,0,35,0,143,11,15
96,0,0,220,0,19,0,0,0,255,51,0,46,0,142,13,3
97,0,2,203,0,35,2,0,0,255,37,0,60,0,137,8,0
98,0,17,182,0,73,9,0,0,255,93,0,88,0,129,1,0
99,0,37,172,0,109,9,0,0,255,120,0,132,0,125,0,0
100,0,61,146,0,132,4,0,0,255,87,0,173,0,137,10,0
101,0,87,122,0,151,4,0,0,253,45,0,221,0,151,16,4
102,0,108,109,0,137,4,0,0,230,49,0,254,0,156,17,4
103,0,124,113,0,129,4,0,0,239,46,0,255,0,150,32,7
104,0,141,120,0,121,0,0,0,250,59,0,255,0,139,0,28
105,0,148,131,0,111,0,0,0,255,48,0,255,2,121,5,13
106,0,149,119,0,100,0,0,0,245,55,36,255,0,107,0,14
107,0,152,89,0,82,4,0,0,196,54,0,255,0,86,0,4
108,0,154,63,0,69,9,14,0,158,65,0,255,0,63,10,9
109,0,167,55,0,73,4,0,0,143,66,0,255,0,46,3,0
110,0,183,56,0,87,1,0,0,144,76,0,255,0,30,0,1
111,0,207,54,0,106,0,0,0,140,53,0,255,0,40,0,4
112,0,235,54,0,131,0,0,0,139,69,0,255,0,54,5,0
113,0,255,45,0,147,5,0,0,122,69,0,255,0,60,0,0
114,0,255,66,0,169,28,0,0,157,66,0,255,0,63,26,0
115,0,255,71,0,190,49,0,0,166,72,0,255,0,63,1,0
116,0,255,53,0,210,61,0,0,132,58,0,255,0,62,4,0
117,0,255,31,0,225,61,0,0,96,53,0,255,0,64,21,0
118,0,255,0,0,219,54,0,0,36,32,0,255,0,67,13,11
119,0,254,0,0,197,53,0,0,18,40,0,255,0,72,17,2
120,0,225,0,0,193,68,0,0,30,30,0,255,0,73,22,0
121,0,203,0,0,196,88,0,0,25,37,0,255,0,78,1,3
122,0,178,0,0,225,100,0,0,30,33,0,255,14,77,0,6
123,0,152,0,0,214,97,0,0,5,41,0,255,37,72,4,10
124,0,136,0,0,201,87,0,0,10,62,0,255,48,63,23,6
125,0,103,0,0,207,76,0,0,14,82,0,243,54,46,16,7
126,0,75,0,0,207,72,0,0,11,70,0,193,58,38,3,20
127,0,51,0,0,179,71,0,0,10,47,63,152,56,30,0,27
128,0,29,0,0,153,73,0,0,9,36,0,111,43,35,4,2
129,0,15,0,0,188,60,0,0,39,29,0,84,36,50,0,15
130,0,2,8,0,237,37,0,0,60,38,0,60,36,67,1,14
131,0,0,16,0,237,22,0,0,74,16,0,26,49,79,7,2
132,0,0,11,0,223,13,0,0,60,16,0,10,65,86,3,0
133,0,0,0,0,187,12,0,0,32,23,0,10,85,96,18,17
134,0,0,3,0,179,19,21,0,51,17,0,0,96,116,15,0
135,0,0,0,0,195,44,0,0,34,14,0,0,82,136,16,4
136,0,0,0,0,218,76,0,0,26,5,29,0,66,141,38,6
137,0,0,0,0,255,100,0,0,29,6,0,0,62,135,48,11
138,0,0,0,0,255,121,2,0,22,9,0,0,66,140,54,24
139,0,0,3,0,250,127,0,0,52,44,0,0,81,148,31,18
140,0,0,14,0,192,122,0,0,68,55,0,0,90,163,12,7
141,0,0,0,0,122,109,0,0,28,35,0,0,95,174,12,21
142,0,0,0,0,89,93,0,0,1,9,0,4,97,173,14,28
143,0,0,0,0,66,81,0,0,2,10,0,0,97,173,10,32
144,0,0,0,0,39,91,0,0,5,27,0,0,95,174,0,17
145,0,0,0,0,37,125,0,0,8,8,0,0,93,157,0,21
146,0,0,0,0,40,151,0,0,5,21,0,0,94,136,7,16
147,0,0,0,0,43,155,0,0,19,31,0,8,102,118,40,18
148,0,0,0,0,45,138,3,0,17,25,0,34,109,122,54,34
149,0,0,0,0,47,109,0,0,24,34,0,52,117,152,34,11
150,0,4,0,0,66,78,0,0,23,28,0,63,119,200,20,28
151,0,6,0,0,101,62,0,0,16,93,0,64,116,251,8,27
152,0,0,0,0,149,97,0,0,0,64,0,50,107,255,7,16
153,0,0,0,0,181,127,0,0,0,39,0,36,99,255,23,15
154,0,0,0,0,183,140,0,0,0,11,0,23,88,255,20,17
155,0,0,0,0,144,104,0,0,9,4,0,25,78,255,25,3
156,0,0,0,0,107,54,0,0,23,14,0,25,70,255,39,15
157,0,0,0,0,99,8,0,0,26,15,0,5,68,252,46,10
158,0,0,0,0,115,0,0,0,9,43,0,9,67,238,48,3
159,0,0,0,0,104,29,14,0,0,25,0,9,64,229,11,0
160,0,0,0,0,87,73,0,0,0,7,0,13,62,230,17,0
161,0,0,0,0,79,95,0,0,0,21,0,30,55,231,22,0
162,0,0,0,0,146,98,0,0,0,21,0,14,44,223,2,2
163,0,0,0,0,224,93,0,0,27,37,0,5,31,218,6,0
164,0,0,0,0,232,96,0,0,19,60,0,11,23,206,24,0
165,0,0,0,0,185,101,0,0,16,51,0,9,20,186,28,0
166,0,0,0,0,122,87,0,0,9,54,0,2,26,169,21,5
167,0,8,0,0,117,52,0,0,10,82,0,0,40,152,35,5
168,0,0,0,0,116,18,0,0,21,72,0,15,53,136,17,17
169,0,0,0,0,107,17,0,0,23,40,0,14,63,121,2,20
170,0,0,0,0,105,45,0,0,16,37,0,24,68,104,18,17
171,0,0,0,0,98,71,0,0,3,34,0,39,65,93,20,14
172,0,0,0,0,82,64,0,0,0,28,0,41,61,83,22,1
173,0,0,0,0,65,70,0,0,0,47,0,13,55,74,24,47
174,0,0,0,0,52,84,0,0,0,83,0,4,51,60,17,17
175,0,0,0,11,67,91,0,0,0,110,0,20,51,38,0,46
176,0,0,0,18,88,119,0,0,6,132,0,19,57,14,0,45
177,0,0,0,20,114,143,0,0,24,131,0,13,66,0,0,19
178,0,0,0,0,131,157,0,0,13,81,6,17,80,0,0,28
179,0,0,0,0,124,178,0,0,4,69,9,19,85,0,0,23
180,0,0,0,0,107,192,0,0,0,68,13,17,85,0,0,15
181,0,0,0,0,78,208,0,0,13,43,15,7,70,4,0,15
182,0,0,0,0,72,209,0,0,13,27,11,6,52,8,1,4
183,0,0,0,0,91,198,0,0,10,19,10,6,29,11,0,6
184,0,0,0,5,127,193,0,0,9,20,7,0,13,8,1,0
185,0,0,0,0,137,208,0,0,0,35,0,9,3,12,47,0
186,0,0,0,0,125,223,10,0,0,40,0,8,2,19,71,0
187,0,0,0,0,103,239,6,0,7,76,0,11,0,20,63,0
188,0,0,0,5,71,229,0,0,23,96,0,4,0,14,53,0
189,0,0,0,15,35,208,0,0,17,124,4,0,0,9,35,0
190,0,0,0,12,29,188,0,0,19,113,3,0,0,8,24,0
191,0,0,0,0,44,179,0,0,17,71,5,0,0,5,2,0
192,0,0,0,0,25,185,0,9,13,47,11,2,0,1,0,0
193,0,0,0,0,16,194,0,0,10,41,17,5,0,0,0,7
194,0,0,0,0,20,216,0,0,0,66,27,8,0,0,0,9
195,0,0,0,0,26,240,0,0,12,78,31,2,14,0,0,0
196,0,0,0,0,59,245,0,0,2,59,30,3,0,7,0,42
197,0,0,0,63,73,209,0,0,0,70,19,14,0,14,0,7
198,0,0,0,18,84,160,0,0,0,134,10,20,0,9,21,4
199,0,0,0,32,101,141,0,0,17,157,11,1,0,0,6,0
200,0,0,0,10,108,166,0,0,5,110,17,5,0,0,8,1
201,0,0,0,0,97,219,0,0,0,66,45,12,3,0,2,8
202,0,0,0,0,89,239,0,0,7,81,24,16,3,22,18,18
203,0,0,0,0,89,224,0,0,0,41,28,6,0,46,22,37
204,0,0,0,0,85,201,2,0,0,46,29,0,0,75,54,53
205,0,0,0,0,87,195,4,0,0,43,29,0,0,97,55,47
206,0,0,0,0,95,190,0,0,0,56,33,0,0,129,30,39
207,0,0,0,0,96,198,0,0,0,53,34,1,3,153,38,35
208,0,0,0,0,108,223,0,0,0,56,34,27,10,169,49,31
209,0,0,0,0,124,251,0,0,17,63,33,45,18,181,47,15
210,0,0,0,0,169,231,0,0,11,55,17,47,28,179,16,6
211,0,0,0,0,172,207,0,0,3,53,3,45,40,176,4,7
212,0,0,0,1,118,191,0,0,0,84,0,37,55,172,11,10
213,0,0,0,4,48,195,0,0,0,94,12,27,71,171,40,6
214,0,0,0,0,33,230,0,0,14,56,14,24,88,178,48,16
215,0,0,0,0,43,255,0,0,11,53,0,13,98,180,24,5
216,0,0,0,3,60,255,0,0,0,90,0,40,101,182,0,16
217,0,0,0,8,87,253,0,0,1,101,0,57,91,188,11,48
218,0,0,0,0,91,227,0,0,1,52,0,56,83,183,48,8
219,0,0,0,0,63,212,1,0,33,33,0,56,81,195,51,0
220,0,0,0,0,44,206,0,0,48,49,0,47,84,181,32,3
221,0,0,0,0,38,199,0,0,33,60,0,28,89,165,15,19
222,0,0,4,0,27,170,0,3,50,64,0,18,80,143,0,16
223,0,39,0,0,34,150,0,0,38,99,0,10,76,127,16,26
224,0,0,0,0,54,144,0,0,23,157,0,10,64,110,7,29
225,0,0,0,0,66,151,0,0,1,239,0,2,50,96,5,10
226,0,0,0,11,75,109,0,0,0,255,0,0,40,82,0,0
227,0,0,0,45,75,50,0,0,8,255,0,0,44,68,0,0
228,0,0,0,73,86,4,0,0,11,255,0,5,55,55,3,0
229,0,0,0,96,90,12,0,0,11,255,0,38,70,48,0,0
230,0,0,0,112,84,20,0,0,24,255,0,51,85,52,0,0
231,0,0,0,107,84,11,0,0,12,255,0,56,99,62,12,6
232,0,10,22,86,78,0,0,0,58,255,0,58,107,76,40,15
233,0,0,31,75,72,6,0,0,98,255,0,39,104,86,0,0
234,0,0,40,67,57,15,0,0,114,255,13,0,86,94,0,0
235,0,0,24,69,44,24,0,0,85,255,0,0,67,102,1,0
236,0,0,0,53,42,39,0,0,36,255,0,0,60,105,7,0
237,0,0,0,51,30,41,0,0,22,255,0,8,54,105,10,0
238,0,0,0,51,24,32,0,0,46,255,0,15,47,101,11,0
239,0,0,0,51,17,25,0,0,36,255,0,15,46,101,1,0
240,0,0,0,48,8,16,0,0,13,255,0,30,53,114,0,0
241,0,0,0,48,8,13,0,0,9,255,0,40,59,130,0,0
242,0,0,0,49,5,8,0,0,10,255,0,44,66,158,1,0
243,0,0,0,47,13,0,0,0,29,255,0,31,69,189,22,0
244,0,0,4,36,38,0,0,0,53,255,0,11,65,209,12,18
245,0,0,15,28,40,0,0,0,71,255,0,17,61,220,28,34
246,0,0,6,33,33,0,0,46,55,255,0,3,55,216,3,32
247,0,0,0,27,13,0,0,0,16,255,0,27,55,206,12,30
248,0,0,0,28,4,0,0,0,24,255,0,54,63,203,39,24
249,0,8,0,16,10,3,0,0,37,255,0,73,65,179,48,30
250,0,10,3,19,16,3,0,0,50,255,0,78,60,151,30,15
251,0,7,7,25,1,0,0,0,57,255,0,71,50,126,28,11
252,0,6,3,27,0,0,0,0,50,255,0,70,40,106,14,5
253,0,0,2,38,0,8,0,5,46,255,0,57,33,92,13,28
254,0,0,0,34,19,19,0,0,26,253,0,37,28,90,0,21
255,0,0,0,6,45,20,0,0,21,255,0,7,26,98,2,21
256,0,0,0,0,59,14,0,0,33,255,0,0,30,108,0,3
257,0,0,0,3,62,9,0,0,43,255,0,0,34,113,20,10
258,0,0,0,29,68,9,0,0,37,255,0,0,38,109,53,31
259,0,0,0,70,75,13,0,0,18,255,0,0,41,89,41,37
260,0,0,0,101,67,24,0,7,17,255,0,0,50,74,44,68
261,0,0,0,105,59,44,12,23,16,255,0,0,61,61,72,96
262,0,0,0,97,67,62,23,48,24,255,0,0,67,51,92,144
263,0,0,0,62,79,78,39,72,15,255,0,2,65,55,120,189
264,0,0,0,23,98,84,60,95,0,255,0,0,50,68,156,233
265,0,0,0,0,102,82,63,111,0,226,0,3,32,87,161,255
266,0,0,0,0,80,85,63,123,0,131,0,0,13,112,162,255
267,0,0,0,0,43,87,64,116,0,71,0,0,2,143,163,255
268,0,0,0,0,20,89,48,105,1,65,0,5,1,168,134,248
269,0,0,0,0,21,87,49,83,0,86,0,11,22,178,136,205
270,0,0,0,0,15,78,33,61,50,60,0,0,45,178,107,162
271,0,0,0,0,10,67,22,41,0,38,0,0,59,180,87,127
272,0,0,0,0,0,49,7,11,0,10,0,0,65,178,61,72
273,0,0,0,0,18,41,1,0,0,21,0,20,63,174,52,33
274,0,0,0,0,48,47,12,0,0,28,0,52,53,172,73,28
275,0,0,0,0,76,64,0,0,0,33,0,53,47,169,52,6
276,0,0,0,0,83,80,0,0,0,76,0,34,48,170,17,0
277,0,0,0,0,68,75,0,0,0,67,0,13,51,186,76,11
278,0,0,0,0,45,62,0,0,0,26,0,2,56,207,42,2
279,0,0,0,0,39,53,3,0,3,28,0,0,55,228,57,14
280,0,0,0,0,66,63,14,0,0,26,0,14,51,254,75,29
281,0,0,0,0,101,84,14,0,0,26,0,34,51,255,73,42
282,0,0,0,0,137,111,7,0,74,46,0,46,52,255,61,25
283,0,0,0,0,158,118,0,0,24,61,0,45,52,255,47,46
284,9,0,0,0,191,110,0,0,9,67,0,24,49,255,17,24
285,0,0,0,0,211,101,0,0,11,23,0,6,45,254,18,14
286,0,0,0,0,248,115,3,0,14,30,0,6,40,254,55,18
287,0,0,0,3,255,139,0,0,9,43,0,11,41,255,47,0
288,0,0,0,0,255,145,0,0,1,34,0,28,50,253,14,0
289,0,0,0,0,236,128,0,0,0,23,0,49,51,255,0,4
290,0,0,0,0,185,111,0,0,65,17,0,53,39,255,9,0
291,0,0,0,0,155,106,0,0,8,20,0,46,27,255,41,0
292,0,0,0,0,130,111,0,0,5,38,0,32,11,255,11,0
293,0,0,0,0,134,118,0,0,0,39,0,17,6,255,2,0
294,0,0,0,0,206,112,0,0,0,32,0,0,5,255,7,0
295,0,0,0,0,244,104,0,0,0,28,0,5,13,255,0,0
296,0,0,0,0,255,84,0,0,0,43,0,16,21,255,26,0
297,0,0,0,0,253,70,0,0,0,36,0,27,21,247,24,2
298,0,0,0,0,225,69,0,0,0,29,0,27,17,233,22,0
299,0,0,0,0,237,73,0,0,6,35,0,29,22,224,16,2
300,0,0,0,0,255,89,0,0,18,26,0,28,30,235,7,0
301,0,0,0,0,255,117,0,0,28,27,0,24,38,255,18,27
302,0,0,0,0,255,139,0,0,28,64,0,25,43,255,49,11
303,0,0,0,0,255,136,0,0,19,53,0,31,48,255,35,4
304,0,0,0,0,255,118,0,0,22,22,0,35,56,239,24,0
305,0,0,0,0,255,102,0,0,19,27,0,22,62,220,22,4
306,0,0,0,0,255,100,0,0,12,60,0,8,66,212,21,13
307,0,0,0,0,255,107,0,0,9,81,0,10,70,197,6,24
308,0,0,0,0,255,112,0,0,21,68,0,23,73,190,28,36
309,0,0,0,0,255,116,0,0,6,82,0,17,80,185,46,25
310,0,0,0,0,255,120,0,0,7,59,0,25,88,191,37,22
311,0,0,0,0,249,125,0,0,0,41,0,24,88,211,86,10
312,0,0,0,0,254,133,0,0,0,48,0,10,80,237,20,20
313,0,0,0,0,255,131,0,0,0,33,0,12,75,255,3,32
314,0,0,0,0,255,112,0,0,0,43,0,10,71,255,0,44
315,0,0,0,0,255,94,0,0,0,69,0,8,62,255,4,51
316,0,0,0,2,255,83,0,0,0,89,0,26,56,255,7,43
317,0,0,0,16,255,62,0,0,0,122,0,56,52,255,0,41
318,0,10,0,1,255,52,0,0,1,84,0,78,50,255,22,2
319,0,23,0,0,255,30,0,0,0,32,0,103,50,255,23,0
320,0,42,0,0,255,22,0,0,2,18,0,142,46,255,0,23
321,0,67,0,0,255,28,0,0,20,21,0,190,34,255,0,20
322,0,90,0,0,255,53,0,0,6,52,0,233,14,237,0,25
323,0,116,0,0,255,71,0,0,0,61,0,255,0,214,0,19
324,0,139,0,0,255,89,0,0,0,38,0,255,0,194,5,32
325,0,153,0,0,255,95,0,0,9,46,0,255,0,173,8,25
326,0,160,0,0,255,88,0,0,16,78,0,255,0,159,0,15
327,0,163,0,0,255,70,0,0,9,155,0,255,0,153,14,13
328,0,159,0,1,255,44,11,0,0,241,0,255,0,142,20,0
329,0,155,0,30,224,17,0,0,0,255,0,255,0,121,25,0
330,0,152,0,61,170,2,0,0,0,255,0,255,0,94,28,6
331,0,150,0,74,128,2,0,0,0,255,0,255,0,80,17,6
332,0,148,0,72,76,4,0,0,31,255,0,255,0,67,0,18
333,0,153,0,50,59,4,0,0,32,255,0,255,0,56,0,10
334,0,160,0,25,47,9,0,0,19,255,0,255,0,51,0,42
335,0,166,0,10,38,13,0,0,30,255,0,255,0,44,0,0
336,0,174,7,12,28,14,0,0,59,255,0,255,0,33,0,0
337,0,180,21,20,23,16,0,0,81,255,0,255,0,17,0,1
338,0,189,22,38,7,19,0,0,83,255,0,255,0,1,8,0
339,0,207,14,52,0,24,0,0,69,255,0,255,0,0,19,5
340,0,226,9,47,15,23,0,0,61,255,0,255,0,0,44,0
341,0,216,19,23,35,4,0,0,78,255,0,255,0,0,39,0
342,0,214,36,8,28,0,0,0,110,255,0,255,0,0,29,4
343,0,212,54,7,11,0,0,0,138,255,0,255,0,5,17,5
344,0,207,57,4,3,0,0,0,144,255,0,255,0,2,9,0
345,0,209,57,3,2,0,0,0,146,255,0,255,0,0,8,0
346,0,206,65,28,0,0,0,0,159,255,0,255,0,0,1,0
347,0,194,73,26,0,0,0,0,171,255,0,255,1,0,0,0
348,0,182,51,35,0,0,0,0,134,255,0,255,8,0,0,26
349,0,177,45,41,0,0,0,0,122,255,0,255,24,0,10,5
350,0,171,47,35,0,0,0,0,126,255,0,255,33,0,35,3
351,0,170,62,30,0,0,0,0,152,255,11,255,30,0,47,8
352,0,164,78,23,0,0,0,0,178,255,28,255,43,0,24,0
353,0,158,85,22,0,0,2,7,190,255,7,255,61,0,54,0
354,0,144,77,22,0,0,2,0,176,255,0,255,82,0,51,0
355,0,133,56,22,2,2,0,0,138,255,1,255,100,0,76,4
356,0,121,21,20,4,5,5,0,80,255,4,255,112,15,58,0
357,0,108,19,14,3,0,16,0,78,255,4,255,118,33,78,0
358,0,87,20,6,0,9,8,0,78,255,0,223,131,46,64,5
359,0,72,26,18,0,26,17,0,90,255,0,194,158,64,79,9
360,0,55,29,21,3,36,14,0,95,255,0,157,194,77,75,16
361,0,36,51,42,24,43,0,0,133,255,0,122,221,85,47,12
362,0,27,60,51,29,43,0,0,148,255,0,104,229,89,39,8
363,0,15,73,44,21,38,0,0,173,255,0,82,241,91,20,28
364,0,0,73,7,8,33,13,0,173,255,0,48,244,94,3,51
365,0,0,71,0,11,36,0,0,171,255,0,17,230,94,11,29
366,0,0,75,7,38,58,0,0,177,255,0,4,214,91,22,28
367,0,0,69,40,46,95,0,0,164,255,0,4,200,103,10,44
368,0,0,70,43,38,139,0,0,164,255,0,4,198,101,5,28
369,0,0,68,43,70,163,0,0,161,255,0,17,202,110,0,11
370,0,0,63,62,109,152,0,0,151,255,0,22,204,120,0,27
371,0,0,48,74,154,83,0,0,126,255,0,18,202,147,1,23
372,0,0,35,94,176,43,0,0,106,255,0,6,197,164,0,10
373,0,0,14,101,167,41,0,0,70,255,0,0,186,180,1,10
374,0,0,11,101,154,50,0,0,64,255,0,8,175,190,18,6
375,0,0,0,75,139,85,0,0,32,255,0,2,161,198,27,0
376,0,0,0,53,140,88,0,0,21,253,0,3,158,196,21,0
377,0,0,0,10,177,85,0,0,27,161,0,0,150,185,22,8
378,0,0,0,0,246,103,0,0,0,69,0,0,134,175,31,18
379,0,0,0,0,255,163,0,0,0,53,0,32,121,167,50,20
380,0,0,0,0,255,194,4,5,0,39,0,42,117,171,57,63
381,0,0,0,0,255,186,0,17,26,25,0,20,116,191,51,85
382,0,0,0,0,255,178,0,16,40,68,0,0,119,231,13,83
383,0,0,0,0,255,176,0,0,36,37,0,4,120,255,21,48
384,0,0,0,0,255,172,0,0,43,16,0,2,115,255,8,31
385,0,0,0,0,255,190,0,0,23,51,0,24,103,255,1,44
386,0,0,0,0,255,205,0,0,12,33,0,37,96,255,17,43
387,0,0,0,0,255,222,0,0,22,69,0,38,87,255,27,25
388,0,0,0,0,255,235,0,0,23,87,0,34,88,255,40,16
389,0,0,0,0,255,215,0,0,38,64,0,29,101,255,40,27
390,0,0,5,0,254,194,0,0,55,19,0,16,119,251,21,35
391,0,0,18,0,210,214,0,0,76,15,0,17,140,251,0,21
392,0,0,6,0,187,252,0,0,54,27,0,8,162,249,0,20
393,0,0,0,0,234,255,0,0,13,25,0,3,175,247,3,18
394,0,0,0,0,255,255,0,0,18,23,0,0,175,244,15,8
395,0,0,0,0,255,253,0,0,25,37,0,0,164,241,25,2
396,0,0,0,0,255,237,0,0,36,63,0,8,132,241,25,10
397,0,0,0,0,255,215,0,0,21,41,0,6,112,233,30,11
398,0,0,0,0,255,181,0,0,2,67,0,0,91,228,35,13
399,0,0,0,0,255,141,0,0,0,58,0,0,81,217,10,6
400,0,0,0,0,255,113,0,0,0,33,0,9,81,210,7,6
401,0,0,0,4,255,117,0,0,6,94,0,27,82,211,21,14
402,0,0,0,8,255,140,0,0,17,106,0,22,91,211,31,0
403,0,11,0,0,255,149,0,0,19,82,0,18,100,212,24,13
404,0,0,0,0,255,141,0,0,0,42,0,9,110,217,40,36
405,0,0,0,0,255,123,0,0,0,52,0,0,110,218,43,13
406,0,0,0,4,255,100,0,0,9,95,0,9,105,219,7,10
407,0,0,0,1,202,84,0,0,0,86,0,36,95,218,0,10
408,0,0,0,0,224,81,0,0,0,65,0,32,87,219,16,11
409,0,0,0,0,255,86,0,0,16,67,0,3,75,221,5,1
410,0,0,0,0,255,98,0,0,16,68,0,17,65,216,0,1
411,0,0,0,0,255,121,0,0,15,85,0,35,56,209,13,0
412,0,0,0,11,255,134,0,0,14,111,0,33,59,195,3,3
413,0,0,0,0,255,118,0,0,41,72,0,16,73,173,0,15
414,0,0,0,0,255,106,0,0,45,66,0,0,93,155,4,11
415,0,0,7,0,255,140,0,0,57,77,0,9,114,138,0,25
416,0,0,1,0,255,197,0,0,45,45,0,13,126,124,0,28
417,0,0,0,0,255,216,0,0,39,48,0,16,104,114,0,24
418,0,0,0,0,255,193,0,0,44,47,0,8,85,116,0,10
419,0,0,0,0,246,170,0,0,27,66,11,14,77,125,12,21
420,0,0,0,6,206,143,0,0,13,101,0,27,64,140,0,14
421,0,0,0,8,168,139,0,0,0,104,0,49,56,156,13,0
422,0,6,0,0,156,155,0,0,0,67,0,68,40,175,75,6
423,0,18,0,0,205,147,0,0,0,77,0,91,27,190,27,0
424,0,30,0,5,251,107,0,0,15,99,0,110,9,209,6,0
425,0,33,0,15,255,110,0,0,36,122,0,118,0,225,0,0
426,0,44,0,4,234,150,0,0,35,94,0,140,0,202,0,0
427,0,58,0,8,166,179,0,0,20,105,0,170,0,172,5,0
428,0,68,0,6,139,163,0,0,10,96,0,189,0,124,17,0
429,0,85,0,0,134,127,0,0,0,34,0,223,0,94,22,9
430,0,102,0,0,149,100,0,0,6,44,0,254,0,89,8,1
431,0,120,0,0,202,67,0,0,7,61,0,255,0,101,0,4
432,0,127,0,0,229,57,0,0,6,38,0,255,0,117,0,12
433,0,131,0,0,243,83,0,0,11,49,0,255,0,119,7,4
434,0,125,0,0,255,127,0,0,2,62,0,255,0,114,0,0
435,0,125,0,0,255,128,0,0,8,61,0,255,0,103,0,0
436,0,120,0,0,255,112,0,0,8,77,0,255,0,85,0,0
437,0,118,0,24,255,78,0,0,3,142,0,255,0,67,0,0
438,0,114,0,17,255,83,0,0,8,123,0,255,0,48,0,0
439,0,113,0,21,255,87,0,0,0,136,0,255,0,33,0,0
440,0,119,0,23,255,78,0,0,0,156,0,255,0,20,0,0
441,0,121,0,6,255,89,0,0,12,100,0,255,0,13,4,0
442,0,122,0,16,255,127,0,0,18,124,0,255,0,14,0,0
443,0,126,0,19,255,160,0,0,13,131,3,255,0,17,3,0
444,0,132,0,18,255,172,0,0,17,124,14,255,0,17,0,0
445,0,135,0,24,255,161,0,0,21,143,24,255,0,11,4,0
446,0,137,0,27,255,161,0,0,18,153,29,255,0,5,0,0
447,0,147,0,22,255,164,0,0,38,133,29,255,0,0,0,0
448,0,150,7,5,255,182,0,0,58,99,29,255,0,0,0,0
449,0,147,11,1,245,186,0,0,63,84,23,255,0,0,0,0
450,0,146,4,0,255,169,0,0,50,78,19,255,0,0,8,0
451,0,140,0,0,255,133,0,0,24,82,11,255,0,0,7,0
452,0,122,0,11,255,88,0,0,15,109,6,255,0,0,0,0
453,0,107,0,17,255,29,0,0,7,122,5,255,0,0,0,27
454,0,92,0,7,255,5,0,0,4,100,0,234,0,0,1,0
455,0,82,0,0,255,35,0,0,21,44,1,213,0,0,0,0
456,0,89,0,0,255,74,0,0,31,21,0,230,0,0,0,0
457,0,100,0,0,255,116,0,0,12,42,0,251,0,0,0,0
458,0,114,0,0,255,155,0,0,38,51,0,255,0,0,0,0
459,0,130,20,0,255,174,0,0,83,65,0,255,0,0,0,0
460,0,145,34,0,255,131,0,0,103,61,0,255,0,0,1,19
461,0,151,33,0,255,90,0,0,100,74,0,255,0,0,11,15
462,0,154,24,4,200,36,0,0,86,34,0,255,10,0,0,0
463,0,157,21,0,157,13,0,0,81,23,0,255,49,0,0,0
464,0,169,16,0,205,26,0,0,75,22,0,255,85,0,0,0
465,0,165,46,0,247,34,0,0,124,25,0,255,102,0,0,0
466,0,161,64,0,231,39,0,0,153,3,0,255,106,0,0,0
467,0,156,58,0,198,52,0,0,145,10,0,255,119,0,0,0
468,0,144,52,0,182,67,0,0,134,24,0,255,126,4,0,0
469,0,129,35,0,187,83,0,0,107,29,0,255,130,7,5,0
470,0,102,23,0,188,79,0,0,83,33,0,249,133,9,24,1
471,0,82,24,0,160,81,0,0,86,71,0,212,139,17,24,0
472,0,56,38,3,115,81,0,0,110,90,0,159,149,34,20,0
473,0,44,40,0,91,77,0,0,112,52,0,139,165,50,12,1
474,0,29,16,0,65,66,0,0,74,61,0,110,187,81,4,21
475,0,10,22,0,46,54,0,0,85,57,0,75,203,107,4,6
476,0,0,37,0,29,66,0,0,108,48,0,39,202,127,0,6
477,0,0,50,1,41,90,0,0,132,86,0,19,180,151,4,16
478,0,0,54,0,85,114,0,0,140,79,63,1,134,178,9,38
479,0,0,49,0,149,120,0,5,131,47,2,0,104,229,11,65
480,0,0,51,0,156,104,0,14,135,27,0,0,101,255,14,79
481,0,0,54,0,118,91,0,3,138,43,0,6,109,255,49,59
482,0,0,71,0,73,87,0,0,170,69,0,12,124,255,21,51
483,0,0,74,0,49,86,0,3,173,68,0,10,150,255,11,60
484,0,0,65,0,38,84,8,0,154,42,0,4,159,255,0,45
485,0,0,58,0,37,97,0,0,148,30,0,19,164,255,4,30
486,0,0,61,0,57,124,0,0,148,12,2,25,177,255,9,26
487,0,0,56,0,73,137,0,0,140,35,2,11,182,255,21,28
488,0,0,51,0,97,144,0,0,133,47,0,0,190,255,26,2
489,0,0,69,0,90,144,0,0,167,80,0,7,196,255,18,35
490,0,0,76,0,52,126,0,11,181,64,0,18,190,255,3,74
491,0,0,80,0,10,93,0,19,188,64,0,23,171,255,22,88
492,0,0,80,0,37,64,0,13,186,69,0,23,136,255,26,75
493,0,0,53,0,62,68,0,4,138,67,0,26,112,255,32,60
494,0,0,36,0,128,80,0,0,108,36,0,46,109,255,34,45
495,0,0,31,0,209,93,0,0,97,19,0,42,101,255,37,51
496,0,0,13,0,255,94,0,6,66,27,0,19,106,255,24,66
497,0,0,0,0,255,87,0,10,45,31,0,4,121,255,20,71
498,0,0,0,0,255,103,0,6,23,55,0,16,134,255,15,63
499,0,0,0,0,255,135,0,3,5,73,0,33,137,255,13,61
500,0,0,0,4,255,160,0,7,0,94,0,25,122,255,33,68
501,0,0,0,16,255,169,0,12,14,120,0,0,73,255,23,77
502,0,0,0,14,243,172,0,8,5,117,0,0,40,255,0,68
503,0,0,0,0,181,170,7,0,8,81,0,0,41,255,0,48
504,0,0,0,0,159,168,0,0,8,58,0,0,65,255,0,40
505,0,0,0,0,144,163,0,0,14,18,0,0,90,255,0,35
506,0,0,0,0,188,114,0,0,0,16,0,0,125,255,0,28
507,0,0,0,0,182,62,0,0,2,35,0,0,157,255,52,12
508,0,0,0,0,174,86,0,0,1,23,0,11,177,255,18,8
509,0,0,0,0,179,133,0,0,1,28,0,36,196,255,1,11
510,0,7,0,0,224,173,0,0,5,47,0,70,210,255,0,18
511,0,10,0,0,255,202,0,0,2,53,0,74,217,254,1,22
512,0,0,0,0,255,235,0,0,0,79,0,51,222,221,0,39
513,0,0,0,9,255,233,0,3,0,106,0,17,208,191,0,60
514,0,0,0,15,224,190,0,0,20,119,0,11,199,164,0,48
515,0,0,0,2,214,126,0,1,32,87,0,3,196,157,0,54
516,0,0,0,0,253,88,0,0,21,53,0,0,189,165,0,43
517,0,0,0,0,255,84,0,0,25,47,0,5,193,170,4,30
518,0,0,0,9,255,93,0,0,8,107,0,15,196,191,23,18
519,0,0,0,18,255,106,0,0,16,129,0,44,206,220,20,17
520,0,2,0,6,255,90,0,0,10,97,0,62,200,255,10,0
521,0,3,0,0,255,68,0,0,6,69,0,61,193,255,1,0
522,0,0,0,0,255,48,21,0,11,19,0,56,187,255,3,0
523,0,0,0,0,255,57,0,0,0,38,0,55,183,255,4,0
524,0,0,0,0,255,54,1,0,5,33,0,53,181,229,4,0
525,0,0,0,0,255,26,0,0,9,47,0,46,179,192,0,0
526,0,0,0,0,255,6,0,0,3,69,0,54,185,169,0,8
527,0,3,0,1,203,15,0,0,0,88,0,62,193,159,0,13
528,0,8,0,0,166,35,0,0,0,70,0,70,189,149,0,11
529,0,10,0,0,188,63,0,0,0,53,0,74,175,138,0,29
530,0,6,0,0,250,98,0,0,0,67,0,67,163,114,49,36
531,0,0,0,0,255,133,0,0,0,41,0,49,160,83,0,35
532,0,0,0,0,245,160,46,5,0,9,0,35,162,58,0,24
533,0,0,0,0,209,177,0,0,12,0,0,34,161,39,6,23
534,0,0,0,0,193,171,0,0,23,5,0,43,160,29,0,25
535,0,0,0,0,193,144,0,0,13,47,0,50,166,16,0,22
536,0,0,0,2,233,129,0,0,3,90,0,49,173,10,0,31
537,0,0,0,15,255,131,0,0,19,120,0,44,193,12,0,19
538,0,0,0,19,255,152,0,0,32,130,0,32,215,19,0,2
539,0,0,0,9,255,150,0,0,17,106,0,31,205,34,7,0
540,0,0,0,0,255,105,0,0,0,57,0,30,210,50,7,0
541,0,0,0,0,164,79,0,0,0,40,0,35,210,63,0,0
542,0,0,0,2,123,76,0,0,2,87,0,51,212,76,4,0
543,0,1,0,29,197,75,0,0,0,153,0,57,206,88,0,5
544,0,1,0,45,241,88,0,0,0,192,0,56,181,105,0,11
545,0,4,0,47,212,92,0,0,0,201,0,64,147,122,0,13
546,0,11,0,35,170,93,0,0,0,172,0,82,132,133,0,3
547,0,15,0,21,188,97,0,0,0,135,0,86,130,152,2,0
548,0,22,0,13,237,110,0,0,0,118,0,73,137,170,0,10
549,0,0,0,6,255,130,0,0,0,102,0,37,150,216,10,12
550,0,0,0,0,255,137,0,0,7,78,0,34,146,254,10,24
551,0,6,0,0,255,123,0,0,13,46,0,69,149,255,12,2
552,0,27,0,0,255,99,0,0,0,9,0,109,145,255,16,0
553,0,46,0,0,255,63,0,0,0,19,0,133,149,255,5,13
554,0,41,0,0,255,32,0,0,0,38,4,137,151,255,0,22
555,0,43,5,0,255,18,0,0,0,60,3,136,151,255,7,27
556,0,37,0,0,255,34,0,0,0,67,15,126,147,255,27,30
557,0,30,0,0,255,75,0,0,0,44,30,114,138,255,35,35
558,0,20,0,0,255,115,0,0,0,27,48,94,127,255,26,47
559,4,12,0,0,255,121,0,0,8,32,64,76,96,239,12,48
560,13,3,0,0,196,93,0,0,14,62,81,96,76,183,21,33
561,20,2,0,0,135,71,0,0,0,60,93,59,81,160,11,26
562,23,0,0,0,128,43,0,0,0,52,97,48,81,143,3,12
563,25,0,0,0,173,25,0,0,2,31,103,27,74,131,0,9
564,29,0,0,0,239,28,0,0,9,27,108,14,57,109,1,52
565,30,0,0,0,255,37,0,0,0,16,112,15,36,87,0,32
566,28,0,0,0,255,65,0,0,1,71,106,38,17,64,0,26
567,17,6,0,17,255,93,0,0,2,124,88,70,9,51,3,0
568,16,18,0,8,238,103,0,0,0,99,85,87,14,58,18,0
569,13,17,0,0,146,92,0,0,0,37,78,85,23,62,63,0
570,17,9,0,0,118,62,0,0,4,44,87,71,22,69,2,0
571,23,3,0,0,127,35,0,0,16,39,97,61,20,64,0,0
572,32,0,0,0,181,11,0,0,53,49,115,33,11,53,9,0
573,33,0,0,0,238,19,0,0,0,48,116,21,0,61,12,4
574,31,0,0,0,255,25,0,0,0,15,113,17,0,81,8,18
575,39,0,0,0,255,41,0,0,0,17,127,21,0,111,3,22
576,43,0,0,0,247,62,0,0,0,0,135,41,3,128,4,27
577,33,0,0,0,223,68,0,0,0,17,119,53,10,116,0,15
578,36,0,0,0,160,44,0,0,0,31,127,49,19,100,0,0
579,35,0,0,0,108,22,0,0,0,34,124,38,27,92,0,0
580,31,0,0,0,88,0,0,0,0,70,116,3,40,97,0,0
581,25,0,0,0,158,3,0,0,0,85,106,1,39,109,0,0
582,19,0,0,0,162,15,0,0,0,77,95,0,39,114,0,0
583,22,0,0,0,136,79,0,0,0,45,97,0,49,129,0,0
584,23,0,0,0,124,137,0,0,19,73,97,27,63,137,0,0
585,15,0,0,0,135,182,0,0,16,77,82,39,75,140,0,59
586,8,0,0,0,110,203,0,0,11,37,70,50,77,159,2,13
587,1,1,0,0,99,222,0,0,9,37,56,57,62,186,6,4
588,0,7,0,0,187,236,0,0,10,32,34,70,44,208,4,4
589,0,12,0,0,255,251,0,0,9,38,10,77,46,209,20,7
590,0,8,0,0,255,248,0,0,3,68,0,69,63,191,16,1
591,0,0,0,0,228,219,0,0,0,42,0,54,80,166,12,0
592,0,0,0,0,141,187,0,8,0,31,0,46,90,145,10,0
593,0,0,0,0,104,164,0,0,0,20,0,41,91,136,4,0
594,0,0,0,0,92,136,0,0,0,17,0,42,89,128,53,10
595,0,0,0,0,110,133,0,0,0,5,0,34,92,131,11,26
596,0,0,0,0,186,125,0,0,9,11,0,28,92,143,22,41
597,0,0,0,0,235,128,0,0,0,20,0,53,61,158,27,43
598,0,7,0,0,255,111,0,0,2,29,0,69,59,179,15,26
599,0,11,0,0,255,95,0,0,0,46,0,77,75,196,6,26
600,0,19,0,0,255,103,0,0,17,44,0,92,99,200,15,9
601,0,13,0,0,249,132,0,0,13,40,0,80,126,216,10,5
602,0,0,0,0,255,159,0,0,17,17,0,53,140,232,20,21
603,0,0,0,0,255,154,0,0,14,19,0,22,150,242,14,25
604,0,0,0,0,255,127,0,0,6,48,0,0,132,255,0,25
605,0,0,0,0,255,89,0,0,12,80,0,0,113,255,0,21
606,0,0,0,0,255,48,0,0,14,64,0,11,77,255,0,12
607,0,0,0,5,255,41,0,0,31,47,0,45,43,255,1,0
608,0,3,0,0,255,69,0,0,42,42,0,61,32,255,3,0
609,0,4,0,0,255,109,0,0,32,11,0,62,25,255,7,7
610,0,0,0,0,255,135,0,0,8,14,0,55,43,255,10,4
611,0,0,0,0,184,140,0,0,0,64,0,25,74,255,6,14
612,0,0,0,6,158,138,0,0,3,98,0,17,90,255,8,20
613,0,0,0,9,113,140,0,0,11,105,0,18,110,253,0,20
614,0,0,0,0,52,133,0,0,36,79,0,29,113,221,18,9
615,0,0,7,21,47,117,0,0,59,137,0,35,107,186,8,8
616,0,0,15,34,126,95,0,0,71,166,0,25,107,151,8,8
617,0,0,20,29,212,73,0,0,79,159,0,6,109,130,9,0
618,0,0,15,31,255,47,0,0,71,157,0,20,120,116,14,0
619,0,0,8,40,255,10,0,0,61,178,0,6,132,108,0,17
620,0,0,12,51,255,31,0,0,67,203,0,0,142,108,0,44
621,0,0,15,56,248,69,0,0,73,218,0,0,151,113,0,50
622,0,0,30,25,206,78,0,0,95,140,0,7,145,116,0,46
623,0,0,23,2,178,49,0,0,84,86,0,27,138,116,25,44
624,0,0,15,0,166,43,0,0,70,73,0,55,137,109,0,28
625,0,9,5,0,152,32,0,2,55,79,0,73,138,102,0,0
626,0,11,7,25,165,30,0,0,84,143,0,76,134,98,0,0
627,0,5,9,52,177,36,0,0,60,210,0,64,115,87,0,2
628,0,0,30,79,167,50,0,0,97,255,0,46,99,76,0,13
629,0,0,37,81,166,84,0,0,109,255,0,51,106,74,0,18
630,0,8,46,67,157,108,0,0,127,246,0,73,123,72,4,25
631,0,23,49,50,126,111,0,0,128,207,11,100,147,74,0,23
632,0,27,55,14,103,89,0,0,140,117,0,105,162,80,0,25
633,0,14,48,0,150,78,0,0,126,72,0,81,172,87,0,25
634,0,0,24,0,140,69,0,0,84,40,0,43,185,85,0,9
635,0,0,0,0,91,72,46,0,36,40,0,20,193,82,0,13
636,0,0,0,0,73,94,0,0,23,61,0,27,195,76,0,31
637,0,1,0,0,88,97,0,0,23,57,0,58,182,70,0,41
638,0,13,0,0,147,103,0,0,38,58,0,80,126,66,2,47
639,0,15,0,0,231,119,0,0,0,83,0,83,75,62,0,32
640,0,7,0,0,233,132,0,0,8,70,0,67,71,57,0,16
641,0,0,0,0,181,130,0,0,34,29,0,36,89,58,0,12
642,0,0,0,0,227,125,0,0,30,38,0,8,114,65,0,0
643,0,0,0,0,255,128,0,0,23,45,0,0,138,68,0,3
644,0,0,0,0,255,128,0,0,41,42,0,0,165,79,0,0
645,0,0,4,0,255,130,0,0,54,38,0,0,189,94,0,22
646,0,0,4,0,255,113,0,0,52,63,0,0,199,107,0,28
647,0,0,0,3,255,71,0,0,7,97,0,0,196,104,0,31
648,17,0,0,16,255,52,0,0,0,122,0,0,183,108,0,16
649,0,0,0,0,255,109,0,0,0,65,0,0,165,112,0,24
650,0,0,0,0,255,136,0,0,0,4,0,0,147,102,0,17
651,0,0,0,0,243,124,0,0,6,15,0,22,139,95,0,18
652,0,1,0,0,216,83,0,0,12,27,0,61,144,91,0,21
653,0,12,0,0,188,55,0,0,18,27,0,80,155,104,0,16
654,0,26,0,0,136,43,0,0,15,5,0,104,178,120,0,1
655,0,29,3,0,91,68,0,0,53,8,0,106,199,120,0,3
656,0,20,22,0,86,99,0,0,83,77,0,92,208,123,0,1
657,0,3,23,8,119,119,0,0,83,102,0,59,201,121,30,27
658,0,0,7,0,168,107,0,0,57,44,0,20,178,132,14,23
659,0,0,4,0,228,95,0,0,52,0,0,53,142,167,0,28
660,0,19,2,0,255,62,0,0,47,9,0,92,111,223,15,34
661,0,27,5,0,245,18,0,0,53,46,0,105,88,238,11,73
662,0,26,0,0,223,19,0,0,36,57,21,101,100,249,0,2
663,0,18,0,0,208,15,0,0,2,49,0,87,116,255,8,5
664,0,9,0,0,200,17,0,0,15,20,0,69,141,255,16,0
665,0,3,0,0,199,7,0,0,2,52,0,59,155,255,11,0
666,0,0,0,0,214,16,0,0,0,75,4,53,167,255,0,0
667,21,1,0,0,216,38,0,0,0,56,14,57,163,255,0,26
668,0,7,0,0,222,62,0,0,9,115,20,69,158,252,6,24
669,0,7,0,0,243,28,0,0,18,76,22,68,151,250,0,38
670,0,6,0,0,255,0,0,0,13,70,27,66,154,255,0,29
671,0,5,0,0,255,5,0,8,6,29,23,65,163,255,0,35
672,0,2,0,0,255,21,0,0,0,20,8,58,178,255,13,35
673,0,0,0,0,255,26,0,0,0,0,0,53,195,255,76,37
674,0,2,0,0,255,27,1,0,0,19,0,59,211,255,49,32
675,0,2,0,0,251,39,2,0,0,2,0,57,220,255,52,29
676,0,0,0,0,182,43,0,0,0,14,0,56,220,255,26,20
677,0,4,0,0,80,54,0,0,0,33,0,67,206,255,24,12
678,0,12,0,0,34,67,0,0,1,26,0,82,175,255,39,17
679,0,12,0,0,62,80,0,0,7,29,0,82,149,255,25,13
680,0,3,0,10,163,41,0,0,0,113,0,61,132,250,25,13
681,0,0,0,31,245,23,0,0,0,158,12,24,126,242,71,23
682,0,0,0,16,255,33,7,0,0,122,0,0,123,246,12,37
683,0,0,0,0,240,64,0,0,0,80,0,38,114,255,0,31
684,0,0,0,0,159,110,0,0,0,52,0,50,103,255,6,29
685,0,0,0,0,128,140,0,0,0,59,0,40,101,255,9,15
686,0,0,0,0,153,136,0,0,0,55,4,35,105,255,16,17
687,0,0,0,0,192,117,0,0,15,47,11,20,119,255,7,29
688,0,0,0,0,199,107,0,0,37,45,12,6,133,255,7,41
689,0,0,0,0,157,105,0,0,28,40,2,16,142,235,31,42
690,0,0,0,0,127,101,1,0,20,73,0,34,128,235,50,27
691,0,0,0,4,87,82,0,0,31,89,2,44,111,240,87,5
692,0,0,0,0,74,69,0,0,15,86,0,36,111,244,22,5
693,0,0,0,0,136,56,0,0,27,46,0,15,113,255,27,13
694,0,0,0,0,169,48,0,0,33,55,0,13,118,243,30,13
695,0,0,0,0,164,29,0,0,42,66,0,0,135,245,42,1
696,0,0,3,1,125,5,0,0,50,88,0,0,140,233,40,0
697,0,0,0,21,133,0,0,0,28,138,0,0,135,221,17,0
698,0,0,9,68,119,14,23,0,64,244,0,11,128,221,4,2
699,0,0,30,89,103,25,0,0,99,255,0,27,121,208,0,9
700,0,0,45,67,96,21,0,0,124,237,0,28,103,206,0,13
701,0,0,58,16,107,7,0,0,145,118,0,26,80,200,0,9
702,0,0,76,0,138,0,0,0,175,67,0,33,57,200,2,9
703,0,0,81,7,143,0,0,0,184,99,0,37,45,206,1,6
704,0,0,94,0,131,5,8,0,205,71,0,24,35,208,1,0
705,0,0,101,0,119,11,6,0,216,86,0,36,38,216,9,0
706,0,0,95,22,111,6,0,0,208,145,0,41,41,204,5,0
707,0,0,99,19,101,10,0,0,214,132,0,36,10,170,0,0
708,0,0,96,0,100,0,0,0,209,71,0,44,0,147,1,0
709,0,1,104,0,119,0,0,0,225,51,0,63,12,129,0,2
710,0,10,126,0,145,0,0,0,255,25,11,79,47,104,7,19
711,0,12,131,0,148,15,0,0,255,24,0,83,62,87,14,22
712,0,27,114,0,119,56,0,0,238,39,0,106,61,88,0,16
713,0,31,88,0,94,73,0,0,193,47,0,117,53,91,7,6
714,0,22,50,0,133,65,0,0,128,55,0,100,59,85,12,0
715,0,11,8,0,193,37,0,0,59,61,10,79,89,77,30,2
716,0,14,0,0,212,22,0,0,44,59,0,82,127,68,53,7
717,0,14,0,3,216,47,0,0,32,92,0,81,148,59,23,0
718,0,10,0,0,215,43,0,0,26,83,0,74,148,64,17,0
719,0,6,0,0,198,56,0,0,12,73,0,66,140,74,1,10
720,0,7,0,5,210,89,0,0,0,97,0,68,121,86,0,7
721,0,9,1,14,255,98,0,0,45,121,0,75,96,97,14,22
722,0,13,0,5,255,71,0,0,43,96,0,81,84,103,0,24
723,0,18,0,0,255,27,0,0,27,83,0,89,70,115,0,18
724,0,15,0,0,255,0,0,0,12,84,0,83,62,122,0,24
725,0,9,0,0,229,0,0,0,15,40,0,92,59,129,0,3
726,0,0,0,0,159,0,0,0,19,15,0,39,63,142,0,0
727,0,0,0,0,131,38,0,0,4,82,0,10,71,154,0,0
728,0,0,0,5,163,57,0,0,5,96,0,18,77,170,0,5
729,0,0,0,0,194,46,0,0,74,77,0,28,71,196,0,27
730,0,0,0,0,196,20,0,0,20,71,0,24,71,212,0,37
731,0,0,0,0,177,3,0,0,18,64,0,28,91,253,0,26
732,0,0,0,0,181,0,0,0,12,37,0,19,110,255,0,8
733,0,0,0,0,201,0,0,0,26,7,0,15,129,255,9,13
734,0,0,0,0,224,0,0,0,29,20,0,11,133,255,13,17
735,0,0,0,0,228,16,0,0,23,18,0,17,121,255,30,4
736,0,0,0,0,203,44,0,0,3,16,0,25,108,255,1,0
737,0,0,0,0,167,56,0,0,0,3,12,23,96,255,18,0
738,0,0,0,0,159,51,0,0,0,6,0,21,87,255,19,0
739,0,0,0,0,181,38,0,0,0,14,0,19,76,255,35,0
740,0,0,0,0,208,47,0,0,0,12,0,20,62,255,26,0
741,0,0,0,0,194,79,0,0,0,6,0,16,55,255,32,0
742,0,0,0,0,177,92,0,0,0,1,0,10,56,255,38,51
743,0,0,0,0,159,86,0,0,2,18,0,2,69,253,45,10
744,0,0,0,0,165,64,0,0,22,21,0,0,85,250,31,11
745,0,0,0,0,178,71,0,0,8,50,0,0,95,255,40,17
746,0,0,0,0,170,75,21,0,5,53,0,0,101,255,37,2
747,0,0,0,0,149,62,0,0,0,58,0,15,105,255,34,7
748,0,0,0,0,108,51,0,0,0,34,0,42,107,255,33,7
749,0,0,0,0,88,63,0,0,0,38,0,53,97,255,34,11
750,0,0,0,0,97,72,0,0,0,17,0,43,71,255,23,8
751,0,0,0,0,120,64,0,0,0,34,0,16,48,255,24,0
752,0,0,0,0,153,54,0,0,0,16,0,0,47,255,9,0
753,0,0,0,0,186,49,0,0,6,30,0,0,78,255,7,0
754,0,0,0,2,225,56,0,0,3,90,0,5,97,255,7,5
755,0,0,0,18,242,77,0,0,5,126,0,35,97,255,0,0
756,0,0,0,18,244,84,0,0,12,124,0,48,86,255,0,0
757,0,0,0,0,231,80,0,0,27,73,0,51,65,255,0,4
758,0,0,0,0,224,71,0,0,16,36,0,31,45,255,0,0
759,0,0,0,0,249,66,0,0,22,29,0,11,36,255,4,0
760,0,0,0,0,255,80,0,0,24,28,0,9,34,255,4,0
761,0,0,0,0,227,85,0,0,5,68,0,22,35,255,0,0
762,0,0,0,0,183,78,0,0,0,69,0,19,32,251,0,0
763,0,0,0,0,152,80,0,0,0,55,0,0,23,248,14,0
764,0,0,0,0,139,76,0,0,0,52,0,0,13,249,22,0
765,0,0,0,0,144,68,0,0,6,57,0,28,14,254,23,0
766,0,0,0,0,139,35,0,0,1,43,0,52,31,255,30,0
767,0,0,0,0,105,2,0,0,6,49,1,53,47,255,25,0
768,0,0,0,0,60,8,3,0,27,76,11,43,65,255,58,29
769,0,0,0,13,56,35,13,0,34,116,17,26,84,255,73,0
770,0,0,0,16,79,60,19,0,37,123,17,15,99,255,87,0
771,0,0,0,34,93,80,4,0,37,164,7,26,111,255,56,8
772,0,0,2,39,95,107,7,0,49,174,0,33,103,255,64,8
773,0,0,6,41,94,137,1,0,55,179,0,23,109,255,53,33
774,0,0,0,25,77,157,0,0,28,140,0,20,127,255,37,25
775,0,0,9,15,80,168,0,0,63,118,0,19,159,255,37,14
776,0,0,20,14,141,171,9,0,81,119,0,18,184,255,65,18
777,0,0,26,26,213,172,7,0,88,145,15,27,207,255,64,5
778,0,0,25,50,255,175,0,0,90,202,17,38,206,255,40,13
779,0,0,23,72,255,188,0,0,87,250,8,55,178,255,28,9
780,0,4,47,86,255,196,0,0,131,255,0,63,140,255,37,7
781,0,5,64,84,255,183,0,0,157,255,0,64,107,255,39,6
782,0,0,33,66,221,156,1,0,98,235,3,54,78,255,52,0
783,0,0,0,41,236,155,4,0,28,178,14,25,54,246,55,30
784,0,0,0,16,255,160,0,0,21,121,7,4,59,186,43,3
785,0,0,0,9,255,160,0,0,18,102,0,18,74,149,21,5
786,0,0,0,5,255,150,0,0,37,94,0,33,87,146,18,0
787,0,0,0,46,255,137,0,0,38,195,0,35,87,150,10,10
788,0,0,1,75,255,150,0,0,44,254,0,36,82,152,0,6
789,0,0,14,81,255,163,0,0,70,255,0,34,78,138,0,0
790,0,0,14,68,255,157,0,0,69,244,0,15,81,117,3,0
791,0,0,0,46,255,152,0,0,39,188,0,3,86,95,63,0
792,0,0,0,15,255,156,0,0,27,116,0,0,95,87,3,0
793,0,0,4,0,255,143,0,0,54,51,0,6,109,88,0,0
794,0,0,5,0,255,132,0,0,55,35,0,14,118,97,0,3
795,0,0,6,0,255,113,0,0,58,50,0,28,125,119,0,5
796,0,0,9,0,255,101,0,0,63,49,0,29,121,145,14,0
797,0,0,0,0,255,99,0,0,36,29,7,23,115,166,9,5
798,0,0,0,0,255,104,0,0,9,38,20,26,112,182,0,7
799,0,0,0,0,255,114,0,0,3,53,23,31,115,188,8,1
800,0,0,0,0,255,138,0,0,0,21,15,36,113,182,19,0
801,0,0,0,0,255,161,0,0,6,0,9,34,99,174,20,1
802,0,0,0,0,255,169,0,0,21,21,0,33,87,169,21,1
803,0,0,0,2,218,160,0,0,30,94,0,25,67,175,28,0
804,0,0,3,0,196,144,0,0,51,84,0,26,47,185,16,30
805,0,0,8,0,190,144,0,0,58,47,0,24,31,199,1,28
806,0,0,0,0,187,151,0,0,43,79,0,19,30,212,25,13
807,0,0,0,0,227,165,0,0,32,75,0,20,31,220,67,7
808,0,0,0,0,255,184,0,0,16,41,0,27,38,221,40,0
809,0,0,0,0,255,189,0,0,8,37,0,29,50,216,40,2
810,0,0,0,0,255,176,0,0,8,54,0,20,73,207,65,6
811,0,0,0,0,255,165,0,0,3,61,0,31,96,191,6,2
812,0,0,0,0,255,145,0,0,0,57,4,41,103,180,14,0
813,0,0,0,0,255,110,0,0,6,43,1,32,85,180,28,0
814,0,0,0,0,255,94,0,4,8,48,0,25,61,178,1,1
815,0,0,0,0,255,108,0,0,0,49,0,25,47,181,1,0
816,0,0,0,0,255,136,0,0,0,17,0,29,58,190,14,4
817,0,0,0,0,255,166,0,0,0,23,0,37,84,202,13,1
818,0,0,0,0,255,176,0,0,7,34,0,51,98,208,14,0
819,0,0,0,0,255,166,0,0,4,43,0,55,108,209,18,0
820,0,3,0,5,255,141,0,0,3,48,0,61,121,205,6,0
821,0,3,0,4,220,111,0,0,3,97,0,55,141,197,0,0
822,0,0,0,0,182,102,0,0,11,55,2,47,148,201,1,5
823,0,0,0,0,170,78,0,0,10,19,3,31,150,213,6,8
824,0,7,0,0,173,42,0,0,16,46,7,12,139,219,4,10
825,0,0,0,0,207,25,0,0,15,0,0,15,126,209,7,24
826,0,0,0,0,228,19,0,0,2,4,0,31,116,193,8,38
827,0,0,0,0,199,13,0,0,0,2,0,49,89,182,0,38
828,0,0,0,0,159,12,0,0,0,13,0,48,78,182,9,34
829,0,0,0,0,142,21,0,0,0,6,1,37,84,185,0,32
830,0,0,0,0,163,27,0,0,0,2,4,26,96,185,0,23
831,0,0,0,0,200,18,0,0,3,10,5,14,114,183,17,27
832,0,0,0,0,227,7,0,0,26,34,0,0,114,178,4,24
833,0,0,3,0,228,47,0,0,50,57,0,0,121,179,2,0
834,0,0,0,0,231,92,0,0,43,83,5,0,122,187,5,0
835,0,0,0,0,237,100,0,0,39,75,2,15,113,191,0,6
836,0,0,0,0,239,77,0,0,37,65,0,28,97,210,2,11
837,0,0,0,0,208,70,0,0,18,32,0,43,89,245,24,10
838,0,0,0,0,182,63,0,0,4,27,0,35,89,255,17,24
839,0,0,0,0,176,46,0,0,3,34,0,37,89,255,19,18
840,0,0,0,0,200,56,0,0,3,58,12,34,84,255,26,9
841,0,0,0,9,222,89,0,0,4,109,24,27,74,255,42,8
842,0,0,0,9,220,101,0,0,13,106,25,15,59,255,40,3
843,0,0,0,0,184,74,0,0,9,64,16,0,30,255,33,0
844,0,0,0,0,159,78,3,0,12,64,7,11,17,255,57,0
845,0,0,0,2,167,85,22,0,14,88,6,8,50,255,89,5
846,0,0,0,7,213,89,23,0,32,102,0,5,82,255,90,10
847,0,0,0,4,242,91,7,0,55,92,0,24,101,255,63,15
848,0,0,0,0,227,74,0,0,27,39,0,24,105,255,34,22
849,0,0,0,0,201,67,0,0,2,54,0,20,103,255,6,24
850,0,0,0,0,183,99,0,0,9,49,0,11,104,242,21,17
851,0,0,0,1,154,119,0,0,16,86,0,13,105,188,24,24
852,0,0,3,2,136,108,0,0,54,86,0,11,91,147,29,31
853,0,0,16,0,111,93,0,0,74,67,0,14,67,125,31,20
854,0,0,2,0,80,97,0,0,47,72,0,19,41,121,34,4
855,0,0,0,6,54,94,0,0,34,104,0,24,27,125,36,0
856,0,0,0,31,48,71,0,0,40,156,0,16,14,130,17,0
857,0,4,0,52,61,54,0,0,28,209,0,25,2,143,12,0
858,0,0,0,75,80,54,0,0,16,254,0,28,12,160,22,20
859,0,0,0,100,107,58,0,0,22,255,0,21,28,175,19,0
860,0,0,0,119,146,67,0,0,27,255,0,15,37,185,16,0
861,0,0,0,145,160,88,0,0,41,255,0,19,50,189,8,0
862,0,0,0,173,128,111,0,0,23,255,0,19,60,189,33,14
863,0,0,0,199,112,113,0,0,12,255,0,7,66,183,44,5
864,0,0,0,223,126,109,0,0,26,255,0,0,67,172,47,0
865,0,0,4,233,137,111,0,0,52,255,0,18,62,162,32,4
866,0,0,23,239,132,115,0,0,88,255,0,34,59,152,65,0
867,0,0,41,234,121,100,0,0,117,255,0,37,60,146,20,0
868,0,0,21,214,117,62,0,0,82,255,0,38,63,163,6,0
869,0,5,16,195,118,39,0,2,73,255,0,27,62,177,0,0
870,0,0,12,187,122,42,0,0,66,255,0,16,56,182,7,0
871,0,0,16,190,123,61,0,0,74,255,0,4,49,176,0,0
872,0,0,21,179,123,77,0,0,84,255,0,18,37,170,0,0
873,0,0,23,154,111,98,0,0,85,255,0,36,18,159,6,0
874,0,0,41,106,85,100,0,0,119,255,0,56,3,150,75,0
875,0,0,41,67,59,83,0,0,118,244,5,52,0,161,18,0
876,0,0,46,52,63,41,0,0,124,211,22,29,20,190,44,25
877,0,0,40,37,90,18,0,0,114,177,22,34,59,195,40,0
878,0,0,26,21,116,21,0,0,92,134,15,29,88,216,45,0
879,0,0,15,0,151,40,0,0,70,78,16,26,105,227,43,2
880,0,0,6,0,164,60,0,16,55,41,9,27,101,243,10,1
881,0,0,0,0,179,70,0,0,41,36,0,30,86,253,72,12
882,0,0,0,0,202,79,0,0,31,21,0,32,74,253,7,1
883,0,0,0,0,197,80,0,0,38,22,0,21,68,235,12,11
884,0,0,0,0,187,83,0,0,41,21,0,1,69,219,19,19
885,0,0,0,0,191,104,0,0,37,34,0,0,70,207,20,23
886,0,0,0,0,186,118,0,0,23,33,0,0,70,203,22,32
887,0,0,0,0,166,103,0,0,10,35,0,0,81,211,21,39
888,0,0,0,0,156,80,0,0,15,21,0,0,100,222,25,21
889,0,0,0,0,164,61,0,0,4,56,0,0,120,227,47,45
890,0,0,0,0,198,47,2,0,1,9,0,11,129,224,53,36
891,0,0,0,0,228,38,0,0,10,14,0,27,132,222,50,43
892,0,0,0,0,255,37,0,0,15,29,0,40,140,224,41,37
893,0,0,0,0,255,31,0,0,32,37,0,33,138,232,26,11
894,0,0,8,0,255,25,0,0,62,62,0,6,128,236,6,0
895,0,0,8,0,254,12,0,0,56,46,0,0,130,233,2,0
896,0,0,0,0,255,10,0,0,48,41,0,0,127,229,14,0
897,0,0,0,0,255,25,0,0,47,44,0,2,123,223,48,0
898,0,0,0,0,255,60,0,0,18,66,0,24,124,224,6,17
899,0,0,0,0,255,90,0,0,20,75,8,29,128,231,3,13
900,0,2,0,0,255,90,0,0,27,64,19,32,125,236,16,24
901,0,0,0,0,234,89,0,0,16,32,23,32,105,242,27,17
902,0,0,0,0,232,107,0,0,1,11,21,21,70,247,11,0
903,0,0,0,0,235,148,0,0,4,1,17,13,55,244,15,11
904,0,0,0,0,226,171,0,0,68,10,16,15,51,240,1,1
905,0,0,0,0,225,160,0,0,9,38,15,5,53,235,23,0
906,0,0,0,0,247,117,0,0,2,63,14,0,61,228,30,4
907,0,0,0,0,255,81,0,0,0,84,9,0,65,222,22,0
908,0,0,0,0,255,42,0,0,20,87,47,13,72,212,25,0
909,0,0,0,0,232,39,0,0,14,82,0,12,72,212,25,0
910,0,0,0,0,196,16,0,0,12,57,0,0,75,227,17,0
911,0,0,0,0,175,33,0,0,20,3,0,2,79,249,41,0
912,0,0,0,0,167,84,0,0,28,20,0,7,79,255,32,4
913,0,0,0,0,163,114,0,0,26,41,1,14,79,255,42,0
914,0,0,0,0,159,127,0,0,27,56,0,23,77,255,41,6
915,0,0,0,0,142,154,7,0,24,56,0,25,60,255,30,0
916,0,0,0,0,124,138,0,0,33,25,5,10,35,255,19,2
917,0,0,0,0,112,99,0,0,21,29,16,13,20,255,6,14
918,0,0,0,0,128,14,0,0,5,51,35,27,0,255,0,27
919,0,0,0,0,156,57,0,0,10,45,37,17,0,255,10,17
920,0,0,0,0,160,54,0,0,27,28,32,4,0,235,34,9
921,0,0,0,0,146,26,0,0,26,33,17,6,0,195,45,8
922,0,0,0,0,119,18,0,0,29,16,6,19,10,159,41,13
923,0,0,0,0,97,27,0,0,32,10,0,16,28,133,34,5
924,0,0,0,0,96,37,0,0,20,11,0,10,40,124,16,2
925,0,0,0,0,92,46,0,0,10,3,0,7,49,129,1,2
926,0,0,0,0,86,54,0,0,1,13,0,63,52,138,16,16
927,0,0,0,0,65,68,0,0,25,51,0,18,52,168,12,11
928,0,0,20,0,48,79,0,0,81,31,0,42,44,182,10,20
929,0,0,43,0,55,86,0,0,121,25,0,52,36,194,8,23
930,0,0,48,0,54,85,0,0,127,36,0,48,19,217,15,10
931,0,0,47,0,57,72,21,0,125,48,0,34,0,227,10,0
932,0,0,57,0,49,42,0,0,144,59,0,11,2,244,4,5
933,0,0,79,0,39,9,0,0,183,72,0,18,24,255,0,10
934,0,0,97,0,38,0,0,0,216,58,13,25,44,252,0,16
935,0,0,127,0,24,0,0,0,255,32,0,22,49,227,0,38
936,0,0,153,0,5,0,0,0,255,26,0,36,34,182,0,50
937,0,0,183,0,0,0,0,0,255,36,0,42,14,140,0,30
938,0,0,218,0,0,0,0,0,255,45,0,39,7,110,0,10
939,0,0,255,0,0,0,0,0,255,48,0,31,10,92,0,18
940,0,0,255,0,0,0,0,0,255,22,0,20,21,95,0,24
941,0,0,255,0,0,0,0,0,255,48,0,25,32,105,0,4
942,0,5,255,0,0,0,0,0,255,66,0,34,32,124,0,9
943,0,0,255,0,0,0,0,0,255,75,0,26,24,156,11,14
944,0,0,255,0,0,0,0,0,255,70,0,26,17,161,2,25
945,0,0,255,12,0,3,0,0,255,116,5,38,1,189,0,20
946,0,0,255,19,0,6,0,0,255,129,10,46,0,204,22,21
947,0,0,255,15,0,2,0,0,255,117,12,48,0,201,0,9
948,0,4,255,3,0,0,0,0,255,91,4,66,0,189,0,18
949,0,15,255,0,0,0,0,0,255,59,0,84,0,178,0,29
950,0,25,255,0,0,1,0,0,255,52,0,105,0,191,11,33
951,0,34,255,0,0,0,0,0,255,27,1,119,16,192,18,82
952,0,41,255,0,0,0,0,0,255,58,0,132,41,175,67,0
953,0,48,255,0,0,0,0,0,255,45,0,151,49,172,12,0
954,0,57,255,0,0,0,0,0,255,24,0,163,45,167,25,0
955,0,75,255,0,0,0,0,0,255,45,0,199,35,143,16,0
956,0,101,255,3,0,0,0,0,255,91,3,246,13,122,15,16
957,0,123,255,0,0,0,0,0,255,76,1,255,0,96,7,26
958,0,137,255,0,9,0,0,0,255,93,0,255,0,86,3,7
959,0,140,255,0,22,0,0,0,255,41,0,255,0,87,6,26
960,0,135,255,0,20,0,0,0,255,77,2,255,1,79,0,27
961,0,125,255,0,17,0,0,0,255,81,4,255,3,75,0,33
962,0,107,255,2,13,0,0,0,255,88,0,254,0,72,42,25
963,0,88,255,0,4,0,0,0,255,83,0,222,0,70,26,16
964,0,74,255,0,3,0,0,0,255,52,0,197,0,57,29,19
965,0,61,255,0,4,0,0,0,255,58,0,172,8,32,2,1
966,0,48,255,9,11,0,0,0,255,104,0,144,21,36,0,0
967,0,36,255,0,23,15,0,0,255,33,0,120,24,46,0,0
968,0,21,255,0,31,34,0,0,255,36,0,132,29,61,63,0
969,0,8,255,0,38,32,0,0,255,65,0,70,32,87,0,63
970,0,0,255,0,24,9,0,0,255,69,0,52,31,106,0,0
971,0,0,247,0,1,0,0,0,255,55,0,40,31,110,0,9
972,0,0,158,0,13,0,0,0,255,54,0,28,32,110,3,19
973,0,0,96,0,47,0,0,0,211,51,11,15,46,114,21,8
974,0,0,57,0,95,0,0,8,141,36,0,18,68,119,26,9
975,0,0,26,0,127,0,0,0,87,41,0,17,73,95,17,20
976,0,0,0,0,111,2,0,0,30,36,0,2,40,83,0,27
977,0,0,0,0,86,7,0,0,12,43,0,0,14,75,0,12
978,0,0,0,0,76,1,0,0,20,26,0,9,17,68,0,0
979,0,0,0,0,97,14,0,0,19,23,0,32,44,79,11,0
980,0,0,0,0,123,31,0,0,0,47,0,49,87,86,2,1
981,0,0,0,0,127,45,0,0,0,67,0,42,123,99,0,0
982,0,0,0,13,105,48,0,0,2,121,0,8,146,115,4,4
983,0,0,0,13,68,40,0,0,36,119,0,0,164,109,2,6
984,6,0,0,0,15,32,0,0,45,80,0,0,176,107,8,22
985,0,0,5,0,8,40,0,0,54,74,0,0,173,103,9,14
986,0,0,2,0,24,58,0,0,49,40,0,0,154,105,19,0
987,0,0,0,0,38,55,0,0,58,17,0,2,129,115,28,0
988,0,0,0,0,65,47,0,0,35,0,0,5,112,111,18,0
989,0,0,0,0,107,44,0,0,27,9,0,13,89,106,2,3
990,0,0,0,0,111,62,0,0,8,15,0,11,67,95,1,14
991,0,0,0,0,94,82,0,0,19,78,0,8,65,82,3,15
992,0,0,0,0,74,63,0,0,21,56,0,10,80,81,9,3
993,0,0,0,0,79,26,0,0,38,44,0,9,98,94,2,38
994,0,0,0,1,101,38,0,0,17,85,0,9,111,116,0,41
995,0,0,0,0,146,81,0,0,21,73,0,11,111,135,0,31
996,0,0,0,5,200,115,0,0,35,96,0,22,110,143,3,3
997,0,0,0,12,229,142,0,0,37,114,0,31,108,122,0,4
998,0,0,0,22,219,172,0,0,28,136,0,22,111,125,0,11
999,0,0,0,13,194,183,0,0,23,112,0,19,123,129,0,36
1000,0,0,0,5,182,176,0,0,20,95,0,23,130,129,3,34
1001,0,0,0,0,177,146,0,0,70,61,0,26,111,124,0,37
1002,0,0,0,0,161,105,0,0,0,46,0,24,90,117,0,30
1003,0,0,0,0,143,98,0,0,0,31,0,21,71,107,0,24
1004,0,0,0,0,161,91,0,0,0,35,0,24,58,93,0,34
1005,0,0,0,0,187,76,0,0,0,16,0,27,47,86,0,30
1006,0,0,0,0,227,53,0,0,2,40,0,37,36,77,0,2
1007,0,0,0,0,255,44,0,0,4,39,21,48,43,76,0,0
1008,0,0,0,0,255,47,0,0,13,52,0,46,54,79,0,0
1009,0,0,0,0,255,52,0,0,12,94,0,37,71,80,0,0
1010,0,0,0,0,222,74,0,0,0,43,0,25,81,78,0,6
1011,0,0,0,0,167,98,0,0,1,12,0,24,79,60,0,12
1012,0,0,0,0,171,103,0,0,23,49,0,35,77,37,0,22
1013,0,0,0,0,204,91,0,0,17,57,0,48,72,19,0,0
1014,0,0,0,0,234,73,0,0,72,77,0,40,65,0,0,0
1015,0,0,0,0,236,64,0,0,20,35,0,33,63,0,26,0
1016,0,0,0,0,209,80,0,0,5,40,0,31,62,0,0,0
1017,0,0,0,0,184,98,0,0,3,49,0,29,66,0,0,0
1018,0,0,0,0,155,112,0,0,13,55,0,33,74,0,0,1
1019,0,0,0,0,149,90,0,0,0,71,0,28,87,0,0,5
1020,0,0,0,0,161,60,0,0,23,70,0,21,96,0,0,13
